turf name,mappable address,order,street number,even odd,even,odd,street name,,Index into Geocode,Lattitude,Longitude
1,637 W 4TH ST  Mansfield OH,1,637,0,,637,W 4TH ST,,727,40.764314,-82.537631
1,635 W 4TH ST  Mansfield OH,2,635,0,,635,W 4TH ST,,726,40.764201,-82.537483
1,631 W 4TH ST  Mansfield OH,3,631,0,,631,W 4TH ST,,725,40.764151,-82.537332
1,627 W 4TH ST  Mansfield OH,4,627,0,,627,W 4TH ST,,724,40.7641,-82.537183
1,623 W 4TH ST  Mansfield OH,5,623,0,,623,W 4TH ST,,723,40.76405,-82.537034
1,597 W 4TH ST Mansfield OH,6,597,0,,597,W 4TH ST,,1,40.7639438,-82.5364956
1,577 W 4TH ST  Mansfield OH,7,577,0,,577,W 4TH ST,,715,40.763603,-82.535741
1,569 W 4TH ST  Mansfield OH,8,569,0,,569,W 4TH ST,,722,40.7635742,-82.5356527
1,565 W 4TH ST  Mansfield OH,9,565,0,,565,W 4TH ST,,716,40.7635172,-82.5355083
1,557 W 4TH ST  Mansfield OH,10,557,0,,557,W 4TH ST,,721,40.7634789,-82.535179
1,159 HELEN AVE  Mansfield OH,11,159,0,,159,HELEN AVE,,687,40.763297,-82.535222
1,545 W 4TH ST  Mansfield OH,12,545,0,,545,W 4TH ST,,720,40.763287,-82.53479
1,537 W 4TH ST  Mansfield OH,13,537,0,,537,W 4TH ST,,718,40.76317,-82.534454
1,521 CROWELL DR  Mansfield OH,14,521,0,,521,CROWELL DR,,686,40.762683,-82.5341119
1,521 W 4TH ST  Mansfield OH,15,521,0,,521,W 4TH ST,,717,40.763053,-82.5341184
1,133 ROWLAND AVE  Mansfield OH,16,133,0,,133,ROWLAND AVE,,671,40.7625139,-82.5336971
1,129 ROWLAND AVE  Mansfield OH,17,129,0,,129,ROWLAND AVE,,670,40.7623592,-82.5337393
1,125 ROWLAND AVE  Mansfield OH,18,125,0,,125,ROWLAND AVE,,669,40.7622384,-82.5336971
1,117 ROWLAND AVE  Mansfield OH,19,117,0,,117,ROWLAND AVE,,672,40.7620993,-82.5336759
1,512 HEINEMAN BLVD  Mansfield OH,20,512,1,512,,HEINEMAN BLVD,,734,40.7621157,-82.5339295
1,516 HEINEMAN BLVD  Mansfield OH,21,516,1,516,,HEINEMAN BLVD,,729,40.7621084,-82.5341198
1,520 HEINEMAN BLVD  Mansfield OH,22,520,1,520,,HEINEMAN BLVD,,730,40.7621193,-82.5342888
1,118 HELEN AVE  Mansfield OH,23,118,1,118,,HELEN AVE,,676,40.7621101,-82.5347538
1,124 HELEN AVE  Mansfield OH,24,124,1,124,,HELEN AVE,,679,40.7622282,-82.5347538
1,128 HELEN AVE  Mansfield OH,25,128,1,128,,HELEN AVE,,693,40.7623856,-82.5347538
1,132 HELEN AVE  Mansfield OH,26,132,1,132,,HELEN AVE,,673,40.762501,-82.5347115
1,134 HELEN AVE  Mansfield OH,27,134,1,134,,HELEN AVE,,680,40.7625416,-82.5347076
1,142 HELEN AVE  Mansfield OH,28,142,1,142,,HELEN AVE,,695,40.762776,-82.534567
1,155 HELEN AVE  Mansfield OH,29,,1,,,HELEN AVE,,690,40.7631057,-82.5353667
1,143 HELEN AVE  Mansfield OH,30,143,0,,143,HELEN AVE,,678,40.76277,-82.5352188
1,139 HELEN AVE  Mansfield OH,31,139,0,,139,HELEN AVE,,697,40.7626519,-82.5352188
1,133 HELEN AVE  Mansfield OH,32,133,0,,133,HELEN AVE,,681,40.7625338,-82.5352188
1,123 HELEN AVE  Mansfield OH,33,123,0,,123,HELEN AVE,,677,40.7622583,-82.5352188
1,115 HELEN AVE  Mansfield OH,34,115,0,,115,HELEN AVE,,698,40.7621192,-82.5351976
1,558 HEINEMAN BLVD  Mansfield OH,35,558,1,558,,HEINEMAN BLVD,,733,40.7621337,-82.535726
1,120 RAE AVE  Mansfield OH,36,120,1,120,,RAE AVE,,702,40.7621584,-82.5361064
1,124 RAE AVE  Mansfield OH,37,124,1,124,,RAE AVE,,703,40.7622398,-82.5361487
1,124 RAE AVE  Mansfield OH,38,124,1,124,,RAE AVE,,703,40.7622398,-82.5361487
1,128 RAE AVE  Mansfield OH,39,128,1,128,,RAE AVE,,705,40.7623945,-82.5361064
1,130 RAE AVE  Mansfield OH,40,130,1,130,,RAE AVE,,706,40.7625126,-82.5361064
1,148 RAE AVE  Mansfield OH,41,148,1,148,,RAE AVE,,712,40.762923,-82.535962
1,152 RAE AVE  Mansfield OH,42,152,1,152,,RAE AVE,,714,40.763061,-82.53596
1,164 RAE AVE  Mansfield OH,43,164,1,164,,RAE AVE,,738,40.763352,-82.536012
1,169 RAE AVE  Mansfield OH,44,169,0,,169,RAE AVE,,737,40.763489,-82.536699
1,151 RAE AVE  Mansfield OH,45,151,0,,151,RAE AVE,,713,40.763091,-82.536707
1,147 RAE AVE  Mansfield OH,46,147,0,,147,RAE AVE,,711,40.762981,-82.536709
1,143 RAE AVE  Mansfield OH,47,143,0,,143,RAE AVE,,710,40.7628576,-82.5365714
1,139 RAE AVE  Mansfield OH,48,139,0,,139,RAE AVE,,709,40.7627396,-82.5365714
1,137 RAE AVE  Mansfield OH,49,137,0,,137,RAE AVE,,708,40.7626608,-82.5365714
1,135 RAE AVE  Mansfield OH,50,135,0,,135,RAE AVE,,707,40.7625427,-82.5365714
1,125 RAE AVE  Mansfield OH,51,125,0,,125,RAE AVE,,704,40.7623066,-82.5365714
1,119 RAE AVE  Mansfield OH,52,119,0,,119,RAE AVE,,701,40.7620993,-82.5365608
1,592 HEINEMAN BLVD  Mansfield OH,53,592,1,592,,HEINEMAN BLVD,,732,40.7620951,-82.5369518
1,598 HEINEMAN BLVD  Mansfield OH,54,598,1,598,,HEINEMAN BLVD,,731,40.7621033,-82.5370786
1,602 HEINEMAN BLVD  Mansfield OH,55,602,1,602,,HEINEMAN BLVD,,728,40.7621115,-82.5372054
1,606 HEINEMAN BLVD  Mansfield OH,56,606,1,606,,HEINEMAN BLVD,,735,40.7620858,-82.5374168
1,612 HEINEMAN BLVD  Mansfield OH,57,612,1,612,,HEINEMAN BLVD,,736,40.7620826,-82.5377047
1,114 WESTERN AVE  Mansfield OH,58,114,1,114,,WESTERN AVE,,699,40.7619796,-82.5379886
1,126 WESTERN AVE  Mansfield OH,59,126,1,126,,WESTERN AVE,,689,40.7623045,-82.5377549
1,130 WESTERN AVE  Mansfield OH,60,130,1,130,,WESTERN AVE,,696,40.7624226,-82.5377549
1,146 WESTERN AVE  Mansfield OH,61,146,1,146,,WESTERN AVE,,694,40.7628528,-82.5377126
1,150 WESTERN AVE  Mansfield OH,62,150,1,150,,WESTERN AVE,,692,40.762961,-82.537628
1,154 WESTERN AVE  Mansfield OH,63,154,1,154,,WESTERN AVE,,691,40.7630709,-82.537626
1,158 WESTERN AVE  Mansfield OH,64,158,1,158,,WESTERN AVE,,688,40.76318,-82.5376239
1,166 WESTERN AVE  Mansfield OH,65,166,1,166,,WESTERN AVE,,685,40.7634,-82.537619
1,168 WESTERN AVE  Mansfield OH,66,168,1,168,,WESTERN AVE,,675,40.7635099,-82.537617
1,170 WESTERN AVE  Mansfield OH,67,170,1,170,,WESTERN AVE,,684,40.76362,-82.537615
1,172 WESTERN AVE  Mansfield OH,68,172,1,172,,WESTERN AVE,,674,40.763729,-82.5376129
1,178 WESTERN AVE  Mansfield OH,69,178,1,178,,WESTERN AVE,,683,40.763839,-82.537611
1,182 WESTERN AVE  Mansfield OH,70,182,1,182,,WESTERN AVE,,682,40.763953,-82.537699
1,192 WESTERN AVE  Mansfield OH,71,192,1,192,,WESTERN AVE,,700,40.7641267,-82.5377131
2,100 HELEN AVE Mansfield OH,1,100,1,100,,HELEN AVE,,1472,40.7624444,-82.5247351
2,86 HELEN AVE Mansfield OH,2,86,1,86,,HELEN AVE,,1077,40.762529,-82.524019
2,70 HELEN AVE Mansfield OH,3,70,1,70,,HELEN AVE,,1462,40.7624811,-82.5237839
2,46 HELEN AVE Mansfield OH,4,46,1,46,,HELEN AVE,,1462,40.7624811,-82.5237839
2,30 HELEN AVE Mansfield OH,5,30,1,30,,HELEN AVE,,1461,40.7624546,-82.5236782
2,24 HELEN AVE Mansfield OH,6,24,1,24,,HELEN AVE,,1458,40.762476,-82.523573
2,514 PARK AVE W Mansfield OH,7,514,1,514,,PARK AVE W,,1463,40.7621873,-82.5238051
2,514 PARK AVE W Mansfield OH,8,514,1,514,,PARK AVE W,,1470,40.7621524,-82.5244815
2,104 HELEN AVE Mansfield OH,9,104,1,104,,HELEN AVE,,1471,40.7621607,-82.5246083
2,92 HELEN AVE Mansfield OH,10,92,1,92,,HELEN AVE,,1471,40.7621607,-82.5246083
2,78 HELEN AVE Mansfield OH,11,78,1,78,,HELEN AVE,,1154,40.7621717,-82.5247774
2,521 W 3RD ST Mansfield OH,12,521,0,,521,W 3RD ST,,1448,40.761987,-82.5250159
2,34 HELEN AVE Mansfield OH,13,34,1,34,,HELEN AVE,,1445,40.7616364,-82.5251945
2,24 HELEN AVE Mansfield OH,14,24,1,24,,HELEN AVE,,1445,40.7616364,-82.5251945
2,508 W 3RD ST Mansfield OH,15,508,1,508,,W 3RD ST,,1445,40.7616364,-82.5251945
2,50 ROWLAND AVE Mansfield OH,16,50,1,50,,ROWLAND AVE,,1445,40.7616364,-82.5251945
2,466 W 3RD ST Mansfield OH,17,466,1,466,,W 3RD ST,,1459,40.7610403,-82.5237205
2,468 W 3RD ST Mansfield OH,18,468,1,468,,W 3RD ST,,1459,40.7610403,-82.5237205
2,453 W 3RD ST Mansfield OH,19,453,0,,453,W 3RD ST,,1459,40.7610403,-82.5237205
2,90 ROWLAND AVE Mansfield OH,20,90,1,90,,ROWLAND AVE,,1467,40.761076,-82.5242701
2,92 ROWLAND AVE Mansfield OH,21,92,1,92,,ROWLAND AVE,,1469,40.7610293,-82.5244604
2,101 ROWLAND AVE Mansfield OH,22,101,0,,101,ROWLAND AVE,,1475,40.7610875,-82.5250573
2,46 ROWLAND AVE Mansfield OH,23,46,1,46,,ROWLAND AVE,,1475,40.7610875,-82.5250573
2,42 ROWLAND AVE Mansfield OH,24,42,1,42,,ROWLAND AVE,,1477,40.7610732,-82.5251368
2,40 ROWLAND AVE Mansfield OH,25,40,1,40,,ROWLAND AVE,,1477,40.7610732,-82.5251368
2,38 ROWLAND AVE Mansfield OH,26,38,1,38,,ROWLAND AVE,,1478,40.7611446,-82.525327
2,455 W 3RD ST Mansfield OH,27,455,0,,455,W 3RD ST,,1481,40.761023,-82.52555
2,459 W 3RD ST Mansfield OH,28,459,0,,459,W 3RD ST,,1482,40.7611583,-82.5255384
2,467 W 3RD ST Mansfield OH,29,467,0,,467,W 3RD ST,,1484,40.7611903,-82.5257286
2,95 ROWLAND AVE Mansfield OH,30,95,0,,95,ROWLAND AVE,,1487,40.7611328,-82.5258055
2,83 ROWLAND AVE Mansfield OH,31,83,0,,83,ROWLAND AVE,,1489,40.761616,-82.5259189
2,75 ROWLAND AVE Mansfield OH,32,75,0,,75,ROWLAND AVE,,1485,40.7616627,-82.5257286
2,71 ROWLAND AVE Mansfield OH,33,71,0,,71,ROWLAND AVE,,1483,40.7616517,-82.5255595
2,67 ROWLAND AVE Mansfield OH,34,67,0,,67,ROWLAND AVE,,1479,40.7616352,-82.5253059
2,63 ROWLAND AVE Mansfield OH,35,63,0,,63,ROWLAND AVE,,1135,40.7618952,-82.5253693
2,41 ROWLAND AVE Mansfield OH,36,41,0,,41,ROWLAND AVE,,1447,40.7620133,-82.5253693
2,45 ROWLAND AVE Mansfield OH,37,45,0,,45,ROWLAND AVE,,1449,40.7622128,-82.5254116
2,47 ROWLAND AVE Mansfield OH,38,47,0,,47,ROWLAND AVE,,1452,40.762448,-82.525484
2,474 W 3RD ST Mansfield OH,39,474,1,474,,W 3RD ST,,1451,40.7623638,-82.5259189
2,470 W 3RD ST Mansfield OH,40,470,1,470,,W 3RD ST,,1450,40.7622091,-82.5259611
2,68 ROWLAND AVE Mansfield OH,41,68,1,68,,ROWLAND AVE,,1450,40.7622091,-82.5259611
2,76 ROWLAND AVE Mansfield OH,42,76,1,76,,ROWLAND AVE,,1490,40.7629761,-82.5262571
2,80 ROWLAND AVE Mansfield OH,43,80,1,80,,ROWLAND AVE,,1488,40.7634521,-82.5257075
2,82 ROWLAND AVE Mansfield OH,44,82,1,82,,ROWLAND AVE,,1486,40.7634439,-82.5255807
2,82 ROWLAND AVE Mansfield OH,45,82,1,82,,ROWLAND AVE,,1480,40.7634613,-82.5252425
2,519 HEINEMAN BLVD Mansfield OH,46,519,0,,519,HEINEMAN BLVD,,1476,40.7634815,-82.5249465
2,96 HELEN AVE Mansfield OH,47,96,1,96,,HELEN AVE,,1468,40.76359,-82.524203
2,84 HELEN AVE Mansfield OH,48,84,1,84,,HELEN AVE,,1468,40.76359,-82.524203
2,64 HELEN AVE Mansfield OH,49,64,1,64,,HELEN AVE,,1468,40.76359,-82.524203
2,38 HELEN AVE Mansfield OH,50,38,1,38,,HELEN AVE,,1465,40.763578,-82.5237729
2,24 HELEN AVE Mansfield OH,51,24,1,24,,HELEN AVE,,1465,40.763578,-82.5237729
2,497 BISSMAN CT Mansfield OH,52,497,0,,497,BISSMAN CT,,1465,40.763578,-82.5237729
2,37 ROWLAND AVE Mansfield OH,53,37,0,,37,ROWLAND AVE,,1465,40.763578,-82.5237729
2,476 W 3RD ST Mansfield OH,54,476,1,476,,W 3RD ST,,1465,40.763578,-82.5237729
2,64 ROWLAND AVE Mansfield OH,55,64,1,64,,ROWLAND AVE,,1455,40.7637992,-82.5231709
2,513 HEINEMAN BLVD Mansfield OH,56,513,0,,513,HEINEMAN BLVD,,1456,40.7639228,-82.5232555
3,530 W 4TH ST Mansfield OH,1,530,1,530,,W 4TH ST,,1457,40.764057,-82.523307
3,536 W 4TH ST Mansfield OH,2,536,1,536,,W 4TH ST,,1460,40.7630001,-82.5235937
3,540 W 4TH ST Mansfield OH,3,540,1,540,,W 4TH ST,,1464,40.7630111,-82.5237628
3,550 W 4TH ST Mansfield OH,4,550,1,550,,W 4TH ST,,1464,40.7630111,-82.5237628
3,560 W 4TH ST Mansfield OH,5,560,1,560,,W 4TH ST,,1474,40.7630376,-82.5247774
3,584 W 4TH ST Mansfield OH,6,584,1,584,,W 4TH ST,,1453,40.76286,-82.5250734
3,588 W 4TH ST Mansfield OH,7,588,1,588,,W 4TH ST,,1454,40.7628897,-82.5253798
3,206 RAE AVE Mansfield OH,8,206,1,206,,RAE AVE,,1235,40.7595023,-82.533993
3,216 RAE AVE Mansfield OH,9,216,1,216,,RAE AVE,,1189,40.7595563,-82.5347894
3,226 RAE AVE Mansfield OH,10,226,1,226,,RAE AVE,,1189,40.7595563,-82.5347894
3,211 HELEN AVE Mansfield OH,11,211,0,,211,HELEN AVE,,1189,40.7595563,-82.5347894
3,207 HELEN AVE Mansfield OH,12,207,0,,207,HELEN AVE,,1188,40.7596724,-82.5347961
3,205 HELEN AVE Mansfield OH,13,205,0,,205,HELEN AVE,,1196,40.7597905,-82.5347961
3,203 HELEN AVE Mansfield OH,14,203,0,,203,HELEN AVE,,1233,40.7599452,-82.5347538
3,197 HELEN AVE Mansfield OH,15,197,0,,197,HELEN AVE,,1187,40.7600633,-82.5347538
3,191 HELEN AVE Mansfield OH,16,191,0,,191,HELEN AVE,,1195,40.7601256,-82.5345002
3,194 HELEN AVE Mansfield OH,17,194,1,194,,HELEN AVE,,1232,40.7605659,-82.5347644
3,204 HELEN AVE Mansfield OH,18,204,1,204,,HELEN AVE,,1186,40.7607718,-82.5347538
3,206 HELEN AVE Mansfield OH,19,206,1,206,,HELEN AVE,,1194,40.761008,-82.5347538
3,208 HELEN AVE Mansfield OH,20,208,1,208,,HELEN AVE,,1231,40.7610867,-82.5347538
3,210 HELEN AVE Mansfield OH,21,210,1,210,,HELEN AVE,,1185,40.7612048,-82.5347538
3,212 HELEN AVE Mansfield OH,22,212,1,212,,HELEN AVE,,1193,40.761441,-82.5347538
3,521 W 6TH ST Mansfield OH,23,521,0,,521,W 6TH ST,,1230,40.7615302,-82.5347644
3,223 ROWLAND AVE Mansfield OH,24,223,0,,223,ROWLAND AVE,,1184,40.7616378,-82.5347538
3,219 ROWLAND AVE Mansfield OH,25,219,0,,219,ROWLAND AVE,,1068,40.7617165,-82.5347538
3,215 ROWLAND AVE Mansfield OH,26,215,0,,215,ROWLAND AVE,,1074,40.7618044,-82.5342888
3,211 ROWLAND AVE Mansfield OH,27,211,0,,211,ROWLAND AVE,,1239,40.7617907,-82.5340775
3,201 ROWLAND AVE Mansfield OH,28,201,0,,201,ROWLAND AVE,,1205,40.7616141,-82.5337816
3,199 ROWLAND AVE Mansfield OH,29,199,0,,199,ROWLAND AVE,,1213,40.7614539,-82.5337393
3,195 ROWLAND AVE Mansfield OH,30,195,0,,195,ROWLAND AVE,,1214,40.7612178,-82.5337393
3,187 ROWLAND AVE Mansfield OH,31,187,0,,187,ROWLAND AVE,,1215,40.7609134,-82.5337499
3,185 ROWLAND AVE Mansfield OH,32,185,0,,185,ROWLAND AVE,,1216,40.7607848,-82.5337393
3,182 ROWLAND AVE Mansfield OH,33,182,1,182,,ROWLAND AVE,,1217,40.760664,-82.5336971
3,192 ROWLAND AVE Mansfield OH,34,192,1,192,,ROWLAND AVE,,1218,40.7605486,-82.5337393
3,194 ROWLAND AVE Mansfield OH,35,194,1,194,,ROWLAND AVE,,1198,40.7604525,-82.5340775
3,200 ROWLAND AVE Mansfield OH,36,200,1,200,,ROWLAND AVE,,1212,40.7602396,-82.53266
3,202 ROWLAND AVE Mansfield OH,37,202,1,202,,ROWLAND AVE,,1211,40.7601149,-82.5325135
3,202 ROWLAND AVE Mansfield OH,38,202,1,202,,ROWLAND AVE,,1210,40.7602084,-82.532133
3,210 ROWLAND AVE Mansfield OH,39,210,1,210,,ROWLAND AVE,,1202,40.760254,-82.5321082
3,212 ROWLAND AVE Mansfield OH,40,212,1,212,,ROWLAND AVE,,1200,40.7607521,-82.5323233
3,218 ROWLAND AVE Mansfield OH,41,218,1,218,,ROWLAND AVE,,1201,40.7605452,-82.5324712
4,219 SYCAMORE ST Mansfield OH,1,219,0,,219,SYCAMORE ST,,1223,40.7605589,-82.5326826
4,215 SYCAMORE ST Mansfield OH,2,215,0,,215,SYCAMORE ST,,1222,40.7605698,-82.5328516
4,203 SYCAMORE ST Mansfield OH,3,203,0,,203,SYCAMORE ST,,1237,40.7605808,-82.5330207
4,191 SYCAMORE ST Mansfield OH,4,191,0,,191,SYCAMORE ST,,1238,40.7605945,-82.5332321
4,181 SYCAMORE ST Mansfield OH,5,181,0,,181,SYCAMORE ST,,1224,40.7607126,-82.5332321
4,376 W 5TH ST Mansfield OH,6,376,1,376,,W 5TH ST,,1225,40.7608728,-82.5332744
4,394 W 5TH ST Mansfield OH,7,394,1,394,,W 5TH ST,,1226,40.7610661,-82.5331662
4,396 W 5TH ST Mansfield OH,8,396,1,396,,W 5TH ST,,1227,40.7611195,-82.5330813
4,400 W 5TH ST Mansfield OH,9,400,1,400,,W 5TH ST,,1227,40.7611195,-82.5330813
4,408 W 5TH ST Mansfield OH,10,408,1,408,,W 5TH ST,,1203,40.76112,-82.533081
4,410 W 5TH ST Mansfield OH,11,410,1,410,,W 5TH ST,,1204,40.7612171,-82.5331616
4,416 W 5TH ST Mansfield OH,12,416,1,416,,W 5TH ST,,1199,40.7602009,-82.5332321
4,418 W 5TH ST Mansfield OH,13,418,1,418,,W 5TH ST,,1206,40.7600828,-82.5332321
4,420 W 5TH ST Mansfield OH,14,420,1,420,,W 5TH ST,,1207,40.759962,-82.5331898
4,422 W 5TH ST Mansfield OH,15,422,1,422,,W 5TH ST,,1208,40.7599116,-82.5331411
4,424 W 5TH ST Mansfield OH,16,424,1,424,,W 5TH ST,,1209,40.7598622,-82.5331687
4,426 W 5TH ST Mansfield OH,17,426,1,426,,W 5TH ST,,1221,40.7601431,-82.5337076
4,460 HILL AVE Mansfield OH,18,460,1,460,,HILL AVE,,1220,40.7600342,-82.5336971
4,461 HILL AVE Mansfield OH,19,461,0,,461,HILL AVE,,1219,40.7599188,-82.5337393
4,462 HILL AVE Mansfield OH,20,462,1,462,,HILL AVE,,1236,40.7598035,-82.5337816
4,471 HILL AVE Mansfield OH,21,471,0,,471,HILL AVE,,1190,40.7592104,-82.5342161
4,642 HILL AVE Mansfield OH,22,642,1,642,,HILL AVE,,1190,40.7592104,-82.5342161
4,181 ATCHESON AVE Mansfield OH,23,181,0,,181,ATCHESON AVE,,1240,40.763653,-82.534125
4,185 ATCHESON AVE Mansfield OH,24,185,0,,185,ATCHESON AVE,,1241,40.763708,-82.534285
4,194 ATCHESON AVE Mansfield OH,25,194,1,194,,ATCHESON AVE,,1242,40.76371,-82.534445
4,200 ATCHESON AVE Mansfield OH,26,200,1,200,,ATCHESON AVE,,1243,40.763876,-82.53471
4,204 ATCHESON AVE Mansfield OH,27,204,1,204,,ATCHESON AVE,,1244,40.764018,-82.535163
4,206 ATCHESON AVE Mansfield OH,28,206,1,206,,ATCHESON AVE,,1245,40.764262,-82.535909
4,205 ATCHESON AVE Mansfield OH,29,205,0,,205,ATCHESON AVE,,1246,40.7643119,-82.536058
4,219 ATCHESON AVE Mansfield OH,30,219,0,,219,ATCHESON AVE,,1247,40.7646019,-82.535816
4,220 ATCHESON AVE Mansfield OH,31,220,1,220,,ATCHESON AVE,,1115,40.764734,-82.535628
4,224 ATCHESON AVE Mansfield OH,32,224,1,224,,ATCHESON AVE,,1249,40.764914,-82.5356089
4,221 PENN AVE Mansfield OH,33,221,0,,221,PENN AVE,,1250,40.764945,-82.53507
4,219 PENN AVE Mansfield OH,34,219,0,,219,PENN AVE,,1251,40.764825,-82.535067
4,217 PENN AVE Mansfield OH,35,217,0,,217,PENN AVE,,1252,40.764704,-82.535064
4,215 PENN AVE Mansfield OH,36,215,0,,215,PENN AVE,,1253,40.764583,-82.535062
4,211 PENN AVE Mansfield OH,37,211,0,,211,PENN AVE,,1254,40.764333,-82.5350069
4,207 PENN AVE Mansfield OH,38,207,0,,207,PENN AVE,,1255,40.7640925,-82.5349437
4,205 PENN AVE Mansfield OH,39,205,0,,205,PENN AVE,,1256,40.76404,-82.534289
4,201 PENN AVE Mansfield OH,40,201,0,,201,PENN AVE,,1257,40.764469,-82.534393
4,197 PENN AVE Mansfield OH,41,197,0,,197,PENN AVE,,1258,40.76459,-82.534396
4,190 GERKE AVE Mansfield OH,42,190,1,190,,GERKE AVE,,1259,40.76471,-82.534398
4,190 GERKE AVE Mansfield OH,43,190,1,190,,GERKE AVE,,1260,40.76483,-82.534473
4,190 GERKE AVE Mansfield OH,44,190,1,190,,GERKE AVE,,1261,40.764951,-82.534476
4,190 GERKE AVE Mansfield OH,45,190,1,190,,GERKE AVE,,1262,40.764893,-82.534215
4,198 GERKE AVE Mansfield OH,46,198,1,198,,GERKE AVE,,1263,40.764958,-82.533827
4,202 GERKE AVE Mansfield OH,47,202,1,202,,GERKE AVE,,1264,40.764837,-82.533824
4,216 GERKE AVE Mansfield OH,48,216,1,216,,GERKE AVE,,1265,40.764716,-82.533822
4,238 GERKE AVE Mansfield OH,49,238,1,238,,GERKE AVE,,1266,40.764595,-82.53382
4,222 PENN AVE Mansfield OH,50,222,1,222,,PENN AVE,,1267,40.764475,-82.533817
4,220 PENN AVE Mansfield OH,51,220,1,220,,PENN AVE,,1268,40.764354,-82.533815
4,218 PENN AVE Mansfield OH,52,218,1,218,,PENN AVE,,1269,40.764233,-82.533813
4,212 PENN AVE Mansfield OH,53,212,1,212,,PENN AVE,,1270,40.7639726,-82.5337949
4,208 PENN AVE Mansfield OH,54,208,1,208,,PENN AVE,,1271,40.763928,-82.53376
4,198 PENN AVE Mansfield OH,55,198,1,198,,PENN AVE,,1159,40.763821,-82.533132
4,198 PENN AVE Mansfield OH,56,198,1,198,,PENN AVE,,1273,40.764044,-82.533136
4,186 PENN AVE Mansfield OH,57,186,1,186,,PENN AVE,,1133,40.764165,-82.533071
4,189 GERKE AVE Mansfield OH,58,189,0,,189,GERKE AVE,,1275,40.764363,-82.5330868
4,195 GERKE AVE Mansfield OH,59,195,0,,195,GERKE AVE,,1276,40.764429,-82.533075
4,205 GERKE AVE Mansfield OH,60,205,0,,205,GERKE AVE,,1276,40.764429,-82.533075
4,209 GERKE AVE Mansfield OH,61,209,0,,209,GERKE AVE,,1277,40.76456,-82.533077
4,217 GERKE AVE Mansfield OH,62,217,0,,217,GERKE AVE,,1278,40.7646246,-82.5330872
4,237 GERKE AVE Mansfield OH,63,237,0,,237,GERKE AVE,,1279,40.7648185,-82.5326714
4,207 SYCAMORE ST Mansfield OH,64,207,0,,207,SYCAMORE ST,,1280,40.7648074,-82.5290049
4,207 SYCAMORE ST Mansfield OH,65,207,0,,207,SYCAMORE ST,,1281,40.7646894,-82.5290049
5,129 ROWLAND AVE Mansfield OH,1,129,0,,129,ROWLAND AVE,,1282,40.7643351,-82.5290049
5,118 ROWLAND AVE Mansfield OH,2,118,1,118,,ROWLAND AVE,,1283,40.7639809,-82.5290049
5,112 ROWLAND AVE Mansfield OH,3,112,1,112,,ROWLAND AVE,,1064,40.7638207,-82.5289626
5,112 ROWLAND AVE Mansfield OH,4,112,1,112,,ROWLAND AVE,,1285,40.7633878,-82.5289626
5,470 SHERMAN PL Mansfield OH,5,470,1,470,,SHERMAN PL,,1286,40.763508,-82.52956
5,468 SHERMAN PL Mansfield OH,6,468,1,468,,SHERMAN PL,,1287,40.763507,-82.529725
5,464 SHERMAN PL Mansfield OH,7,464,1,464,,SHERMAN PL,,1288,40.763505,-82.529886
5,462 SHERMAN PL Mansfield OH,8,462,1,462,,SHERMAN PL,,1289,40.763504,-82.530089
5,113 GETTINGS PL Mansfield OH,9,113,0,,113,GETTINGS PL,,1290,40.763505,-82.530235
5,117 GETTINGS PL Mansfield OH,10,117,0,,117,GETTINGS PL,,1291,40.7634917,-82.5308601
5,121 GETTINGS PL Mansfield OH,11,121,0,,121,GETTINGS PL,,1292,40.7634921,-82.5308854
5,129 GETTINGS PL Mansfield OH,12,129,0,,129,GETTINGS PL,,1293,40.7634925,-82.5309107
5,469 W 4TH ST Mansfield OH,13,469,0,,469,W 4TH ST,,1294,40.763496,-82.530936
5,475 W 4TH ST Mansfield OH,14,475,0,,475,W 4TH ST,,1295,40.7634929,-82.531109
5,479 W 4TH ST Mansfield OH,15,479,0,,479,W 4TH ST,,1296,40.7634964,-82.5311562
5,3 DEWEESE PL Mansfield OH,16,3,0,,3,DEWEESE PL,,1297,40.763862,-82.53222
5,10 GRAY CT Mansfield OH,17,10,1,10,,GRAY CT,,1298,40.763608,-82.532137
5,7 GRAY CT Mansfield OH,18,7,0,,7,GRAY CT,,1299,40.76386,-82.5322577
5,132 ROWLAND AVE Mansfield OH,19,132,1,132,,ROWLAND AVE,,1300,40.763457,-82.532577
5,138 ROWLAND AVE Mansfield OH,20,138,1,138,,ROWLAND AVE,,1301,40.7637671,-82.532439
5,142 ROWLAND AVE Mansfield OH,21,142,1,142,,ROWLAND AVE,,1302,40.76371,-82.532736
5,501 W 4TH ST Mansfield OH,22,501,0,,501,W 4TH ST,,1303,40.763822,-82.532728
5,501 W 4TH ST Mansfield OH,23,501,0,,501,W 4TH ST,,1304,40.7641545,-82.5322361
5,501 W 4TH ST Mansfield OH,24,501,0,,501,W 4TH ST,,1305,40.7642703,-82.5322504
5,501 W 4TH ST Mansfield OH,25,501,0,,501,W 4TH ST,,1306,40.7644059,-82.5322575
5,492 W 4TH ST Mansfield OH,26,492,1,492,,W 4TH ST,,1307,40.7645156,-82.532252
5,482 W 4TH ST Mansfield OH,27,482,1,482,,W 4TH ST,,1308,40.7644249,-82.5326674
5,482 W 4TH ST Mansfield OH,28,482,1,482,,W 4TH ST,,1309,40.7648185,-82.5326714
5,478 W 4TH ST Mansfield OH,29,478,1,478,,W 4TH ST,,1310,40.76485,-82.532217
5,466 W 4TH ST Mansfield OH,30,466,1,466,,W 4TH ST,,1311,40.764997,-82.532216
5,456 W 4TH ST Mansfield OH,31,456,1,456,,W 4TH ST,,1312,40.765129,-82.531493
5,151 PENN AVE Mansfield OH,32,151,0,,151,PENN AVE,,1313,40.765053,-82.531684
5,155 PENN AVE Mansfield OH,33,155,0,,155,PENN AVE,,1314,40.764879,-82.531803
5,169 PENN AVE Mansfield OH,34,169,0,,169,PENN AVE,,1315,40.7647369,-82.531905
5,168 PENN AVE Mansfield OH,35,168,1,168,,PENN AVE,,1316,40.764596,-82.531937
5,425 W 5TH ST Mansfield OH,36,425,0,,425,W 5TH ST,,1317,40.76446,-82.531944
5,423 W 5TH ST Mansfield OH,37,423,0,,423,W 5TH ST,,1318,40.764331,-82.531927
5,421 W 5TH ST Mansfield OH,38,421,0,,421,W 5TH ST,,1319,40.764218,-82.531886
5,419 W 5TH ST Mansfield OH,39,419,0,,419,W 5TH ST,,1320,40.76411,-82.531851
5,417 W 5TH ST Mansfield OH,40,417,0,,417,W 5TH ST,,1321,40.764018,-82.53021
5,413 W 5TH ST Mansfield OH,41,413,0,,413,W 5TH ST,,1321,40.764018,-82.53021
5,411 W 5TH ST Mansfield OH,42,411,0,,411,W 5TH ST,,1321,40.764018,-82.53021
5,409 W 5TH ST Mansfield OH,43,409,0,,409,W 5TH ST,,1321,40.764018,-82.53021
5,401 W 5TH ST Mansfield OH,44,401,0,,401,W 5TH ST,,1322,40.764238,-82.530213
5,391 W 5TH ST Mansfield OH,45,391,0,,391,W 5TH ST,,1323,40.764567,-82.5302169
5,392 W 4TH ST Mansfield OH,46,392,1,392,,W 4TH ST,,1324,40.764787,-82.53022
5,398 W 4TH ST Mansfield OH,47,398,1,398,,W 4TH ST,,1325,40.7650239,-82.530293
5,400 W 4TH ST Mansfield OH,48,400,1,400,,W 4TH ST,,1326,40.764823,-82.531227
5,402 W 4TH ST Mansfield OH,49,402,1,402,,W 4TH ST,,1327,40.764748,-82.53131
5,416 W 4TH ST Mansfield OH,50,416,1,416,,W 4TH ST,,1328,40.764663,-82.5313709
5,422 W 4TH ST Mansfield OH,51,422,1,422,,W 4TH ST,,1329,40.7645709,-82.531406
5,430 W 4TH ST Mansfield OH,52,430,1,430,,W 4TH ST,,1330,40.764475,-82.531406
5,436 W 4TH ST Mansfield OH,53,436,1,436,,W 4TH ST,,1331,40.764283,-82.531285
5,442 W 4TH ST Mansfield OH,54,442,1,442,,W 4TH ST,,1331,40.764283,-82.531285
5,146 PENN AVE Mansfield OH,55,146,1,146,,PENN AVE,,1332,40.763928,-82.531193
5,425 W 4TH ST Mansfield OH,56,425,0,,425,W 4TH ST,,1333,40.764019,-82.53079
5,415 W 4TH ST Mansfield OH,57,415,0,,415,W 4TH ST,,1173,40.76413,-82.5307909
5,401 W 4TH ST Mansfield OH,58,401,0,,401,W 4TH ST,,1335,40.76446,-82.530809
5,404 SHERMAN PL Mansfield OH,59,404,1,404,,SHERMAN PL,,1336,40.764569,-82.530804
5,416 SHERMAN PL Mansfield OH,60,416,1,416,,SHERMAN PL,,1337,40.76479,-82.53073
5,418 SHERMAN PL Mansfield OH,61,418,1,418,,SHERMAN PL,,1338,40.765031,-82.530741
5,418 SHERMAN PL Mansfield OH,62,418,1,418,,SHERMAN PL,,1339,40.7640699,-82.529726
5,420 SHERMAN PL Mansfield OH,63,420,1,420,,SHERMAN PL,,1339,40.7640699,-82.529726
5,116 PENN AVE Mansfield OH,64,116,1,116,,PENN AVE,,1340,40.7623592,-82.5337393
5,115 PENN AVE Mansfield OH,65,115,0,,115,PENN AVE,,1341,40.7621268,-82.5331898
6,"419 W 3RD ST Mansfield, OH",1,419,0,,419,W 3RD ST,,1342,40.7618934,-82.5332321
6,"413 W 3RD ST Mansfield, OH",2,413,0,,413,W 3RD ST,,1342,40.7618934,-82.5332321
6,"397 W 3RD ST Mansfield, OH",3,397,0,,397,W 3RD ST,,1343,40.761747,-82.5327278
6,"393 W 3RD ST Mansfield, OH",4,393,0,,393,W 3RD ST,,1344,40.7617467,-82.5327132
6,"391 W 3RD ST Mansfield, OH",5,391,0,,391,W 3RD ST,,1345,40.7617463,-82.5326839
6,"389 W 3RD ST Mansfield, OH",6,389,0,,389,W 3RD ST,,1346,40.7617461,-82.5326693
6,"387 W 3RD ST Mansfield, OH",7,387,0,,387,W 3RD ST,,1347,40.7619379,-82.5322493
6,"375 W 3RD ST Mansfield, OH",8,375,0,,375,W 3RD ST,,1348,40.7620272,-82.5322598
6,"375 W 3RD ST Mansfield, OH",9,375,0,,375,W 3RD ST,,1349,40.7621453,-82.5322598
6,"375 W 3RD ST Mansfield, OH",10,375,0,,375,W 3RD ST,,1350,40.7623421,-82.5322598
6,"375 W 3RD ST Mansfield, OH",11,375,0,,375,W 3RD ST,,1351,40.7624995,-82.5322598
6,"375 W 3RD ST Mansfield, OH",12,375,0,,375,W 3RD ST,,1352,40.7625249,-82.532416
6,"375 W 3RD ST Mansfield, OH",13,375,0,,375,W 3RD ST,,1353,40.7622907,-82.5326826
6,"375 W 3RD ST Mansfield, OH",14,375,0,,375,W 3RD ST,,1354,40.762575,-82.5327697
6,"376 PARK AVE W Mansfield, OH",15,376,1,376,,PARK AVE W,,1355,40.762044,-82.532697
6,"428 PARK AVE W Mansfield, OH",16,428,1,428,,PARK AVE W,,1356,40.7623072,-82.5329362
6,"436 PARK AVE W Mansfield, OH",17,436,1,436,,PARK AVE W,,1357,40.7624417,-82.5331898
6,"450 PARK AVE W Mansfield, OH",18,450,1,450,,PARK AVE W,,1358,40.7627379,-82.533422
6,"452 PARK AVE W Mansfield, OH",19,452,1,452,,PARK AVE W,,1359,40.762715,-82.533256
6,"456 PARK AVE W Mansfield, OH",20,456,1,456,,PARK AVE W,,1360,40.7628693,-82.533258
6,"458 PARK AVE W Mansfield, OH",21,458,1,458,,PARK AVE W,,1360,40.7628693,-82.533258
6,"458 PARK AVE W Mansfield, OH",22,458,1,458,,PARK AVE W,,1360,40.7628693,-82.533258
6,"462 PARK AVE W Mansfield, OH",23,462,1,462,,PARK AVE W,,1360,40.7628693,-82.533258
6,"26 PENN AVE Mansfield, OH",24,26,1,26,,PENN AVE,,1361,40.7632745,-82.5328707
6,"26 PENN AVE Mansfield, OH",25,26,1,26,,PENN AVE,,1362,40.763141,-82.532573
6,"38 PENN AVE Mansfield, OH",26,38,1,38,,PENN AVE,,1362,40.763141,-82.532573
6,"33 PENN AVE Mansfield, OH",27,33,0,,33,PENN AVE,,1363,40.763256,-82.532286
6,"37 PENN AVE Mansfield, OH",28,37,0,,37,PENN AVE,,1364,40.7629019,-82.532089
6,"37 PENN AVE Mansfield, OH",29,37,0,,37,PENN AVE,,1365,40.7628884,-82.531929
6,"39 PENN AVE Mansfield, OH",30,39,0,,39,PENN AVE,,1366,40.762949,-82.531663
6,"43 PENN AVE Mansfield, OH",31,43,0,,43,PENN AVE,,1367,40.763083,-82.5317479
6,"47 PENN AVE Mansfield, OH",32,47,0,,47,PENN AVE,,1368,40.763548,-82.531762
6,"47 PENN AVE Mansfield, OH",33,47,0,,47,PENN AVE,,1369,40.763412,-82.531281
6,"55 PENN AVE Mansfield, OH",34,55,0,,55,PENN AVE,,1370,40.762958,-82.531269
6,"55 PENN AVE Mansfield, OH",35,55,0,,55,PENN AVE,,1371,40.76294,-82.531096
6,"63 PENN AVE Mansfield, OH",36,63,0,,63,PENN AVE,,1372,40.762922,-82.530923
6,"65 PENN AVE Mansfield, OH",37,65,0,,65,PENN AVE,,1373,40.762905,-82.53075
6,"71 PENN AVE Mansfield, OH",38,71,0,,71,PENN AVE,,1374,40.762887,-82.530576
6,"455 W DICKSON AVE Mansfield, OH",39,455,0,,455,W DICKSON AVE,,1375,40.762872,-82.530429
6,"458 W DICKSON AVE Mansfield, OH",40,458,1,458,,W DICKSON AVE,,1376,40.7629267,-82.5307155
6,"482 W DICKSON AVE Mansfield, OH",41,482,1,482,,W DICKSON AVE,,1377,40.762852,-82.530241
6,"81 PENN AVE Mansfield, OH",42,81,0,,81,PENN AVE,,1378,40.762816,-82.529883
6,"81 PENN AVE Mansfield, OH",43,81,0,,81,PENN AVE,,1379,40.762813,-82.529586
6,"81 PENN AVE Mansfield, OH",44,81,0,,81,PENN AVE,,1380,40.7620092,-82.5295544
6,"81 PENN AVE Mansfield, OH",45,81,0,,81,PENN AVE,,1381,40.7620229,-82.5297658
6,"81 PENN AVE Mansfield, OH",46,81,0,,81,PENN AVE,,1382,40.7620705,-82.5298926
6,"85 PENN AVE Mansfield, OH",47,85,0,,85,PENN AVE,,1383,40.7621602,-82.5300617
6,"93 PENN AVE Mansfield, OH",48,93,0,,93,PENN AVE,,1384,40.7622608,-82.5303999
6,"459 SHERMAN PL Mansfield, OH",49,459,0,,459,SHERMAN PL,,1385,40.7623112,-82.530569
6,"461 SHERMAN PL Mansfield, OH",50,461,0,,461,SHERMAN PL,,1386,40.7624008,-82.5307381
6,"467 SHERMAN PL Mansfield, OH",51,467,0,,467,SHERMAN PL,,1387,40.762552,-82.531098
6,"425 SHERMAN PL Mansfield, OH",52,425,0,,425,SHERMAN PL,,1388,40.7625352,-82.5312731
6,"411 SHERMAN PL Mansfield, OH",53,411,0,,411,SHERMAN PL,,1389,40.7626944,-82.5312797
6,"405 SHERMAN PL Mansfield, OH",54,405,0,,405,SHERMAN PL,,1390,40.762002,-82.530954
6,"403 SHERMAN PL Mansfield, OH",55,403,0,,403,SHERMAN PL,,1391,40.7619135,-82.5305338
6,"403 SHERMAN PL Mansfield, OH",56,403,0,,403,SHERMAN PL,,1392,40.7618114,-82.5301463
6,"399 SHERMAN PL Mansfield, OH",57,399,0,,399,SHERMAN PL,,1393,40.7616337,-82.5301189
6,"391 SHERMAN PL Mansfield, OH",58,391,0,,391,SHERMAN PL,,1394,40.7616942,-82.5305651
6,"387 SHERMAN PL Mansfield, OH",59,387,0,,387,SHERMAN PL,,1395,40.7616896,-82.5306958
6,"383 SHERMAN PL Mansfield, OH",60,383,0,,383,SHERMAN PL,,1395,40.7616896,-82.5306958
6,"383 SHERMAN PL Mansfield, OH",61,383,0,,383,SHERMAN PL,,1396,40.7617006,-82.5308649
6,"379 SHERMAN PL Mansfield, OH",62,379,0,,379,SHERMAN PL,,1397,40.7619559,-82.5311608
6,"375 SHERMAN PL Mansfield, OH",63,375,0,,375,SHERMAN PL,,1398,40.7619888,-82.531668
6,"380 W 3RD ST Mansfield, OH",64,380,1,380,,W 3RD ST,,1036,40.760084,-82.5308226
6,"384 W 3RD ST Mansfield, OH",65,384,1,384,,W 3RD ST,,1030,40.759955,-82.530657
6,"386 W 3RD ST Mansfield, OH",66,386,1,386,,W 3RD ST,,1019,40.7600539,-82.5303576
6,"392 W 3RD ST Mansfield, OH",67,392,1,392,,W 3RD ST,,1017,40.7600823,-82.5301885
6,"394 W 3RD ST Mansfield, OH",68,394,1,394,,W 3RD ST,,1014,40.7600475,-82.529956
6,"398 W 3RD ST Mansfield, OH",69,398,1,398,,W 3RD ST,,1012,40.7600521,-82.5297235
6,"400 W 3RD ST Mansfield, OH",70,400,1,400,,W 3RD ST,,1011,40.7600384,-82.5295122
6,"66 PENN AVE Mansfield, OH",71,66,1,66,,PENN AVE,,1000,40.7600769,-82.5291951
6,"76 PENN AVE Mansfield, OH",72,76,1,76,,PENN AVE,,1000,40.7600769,-82.5291951
7,"286 W 3RD ST Mansfield, OH",1,286,1,286,,W 3RD ST,,1000,40.7600769,-82.5291951
7,"282 W 3RD ST Mansfield, OH",2,282,1,282,,W 3RD ST,,1000,40.7600769,-82.5291951
7,"276 W 3RD ST Mansfield, OH",3,276,1,276,,W 3RD ST,,1000,40.7600769,-82.5291951
7,"276 W 3RD ST Mansfield, OH",4,276,1,276,,W 3RD ST,,1000,40.7600769,-82.5291951
7,"270 W 3RD ST Mansfield, OH",5,270,1,270,,W 3RD ST,,1000,40.7600769,-82.5291951
7,"270 W 3RD ST Mansfield, OH",6,270,1,270,,W 3RD ST,,1003,40.7592219,-82.5293642
7,"266 W 3RD ST Mansfield, OH",7,266,1,266,,W 3RD ST,,1042,40.7592539,-82.5312424
7,"258 W 3RD ST Mansfield, OH",8,258,1,258,,W 3RD ST,,1043,40.758907,-82.5314447
7,"258 W 3RD ST Mansfield, OH",9,258,1,258,,W 3RD ST,,1044,40.759255,-82.531889
7,"258 W 3RD ST Mansfield, OH",10,258,1,258,,W 3RD ST,,1045,40.7591256,-82.5321234
7,"250 W 3RD ST Mansfield, OH",11,250,1,250,,W 3RD ST,,1047,40.759474,-82.532392
7,"238 W 3RD ST Mansfield, OH",12,238,1,238,,W 3RD ST,,1048,40.759335,-82.532531
7,"230 W 3RD ST Mansfield, OH",13,230,1,230,,W 3RD ST,,1048,40.759335,-82.532531
7,"226 W 3RD ST Mansfield, OH",14,226,1,226,,W 3RD ST,,1052,40.759337,-82.5327329
7,"226 W 3RD ST Mansfield, OH",15,226,1,226,,W 3RD ST,,796,40.7595549,-82.5311608
7,"226 W 3RD ST Mansfield, OH",16,226,1,226,,W 3RD ST,,796,40.7595549,-82.5311608
7,"224 W 3RD ST Mansfield, OH",17,224,1,224,,W 3RD ST,,802,40.7597938,-82.5312031
7,"224 W 3RD ST Mansfield, OH",18,224,1,224,,W 3RD ST,,797,40.7596665,-82.531668
7,"224 W 3RD ST Mansfield, OH",19,224,1,224,,W 3RD ST,,801,40.7597635,-82.5316469
7,"224 W 3RD ST Mansfield, OH",20,224,1,224,,W 3RD ST,,801,40.7597635,-82.5316469
7,"224 W 3RD ST Mansfield, OH",21,224,1,224,,W 3RD ST,,804,40.7598633,-82.531668
7,"216 W 3RD ST Mansfield, OH",22,216,1,216,,W 3RD ST,,805,40.7599814,-82.531668
7,"216 W 3RD ST Mansfield, OH",23,216,1,216,,W 3RD ST,,806,40.7600995,-82.531668
7,"216 W 3RD ST Mansfield, OH",24,216,1,216,,W 3RD ST,,806,40.7600995,-82.531668
7,"65 BOWMAN ST Mansfield, OH",25,65,0,,65,BOWMAN ST,,807,40.7602028,-82.5315743
7,"69 BOWMAN ST Mansfield, OH",26,69,0,,69,BOWMAN ST,,807,40.7602028,-82.5315743
7,"215 W DICKSON AVE Mansfield, OH",27,215,0,,215,W DICKSON AVE,,808,40.7605519,-82.531873
7,"216 W DICKSON AVE Mansfield, OH",28,216,1,216,,W DICKSON AVE,,809,40.7605838,-82.531842
7,"218 W DICKSON AVE Mansfield, OH",29,218,1,218,,W DICKSON AVE,,813,40.760743,-82.5318794
7,"247 W DICKSON AVE Mansfield, OH",30,247,0,,247,W DICKSON AVE,,1046,40.7608775,-82.532133
7,"274 W DICKSON AVE Mansfield, OH",31,274,1,274,,W DICKSON AVE,,1049,40.7611219,-82.5322598
7,"275 W DICKSON AVE Mansfield, OH",32,275,0,,275,W DICKSON AVE,,1059,40.7608822,-82.528734
7,"277 W DICKSON AVE Mansfield, OH",33,277,0,,277,W DICKSON AVE,,821,40.7610442,-82.531668
7,"282 W DICKSON AVE Mansfield, OH",34,282,1,282,,W DICKSON AVE,,821,40.7610442,-82.531668
7,"76 N BENTON ST Mansfield, OH",35,76,1,76,,N BENTON ST,,821,40.7610442,-82.531668
7,"80 N BENTON ST Mansfield, OH",36,80,1,80,,N BENTON ST,,821,40.7610442,-82.531668
7,"81 N BENTON ST Mansfield, OH",37,81,0,,81,N BENTON ST,,821,40.7610442,-82.531668
7,"283 W 3RD ST Mansfield, OH",38,283,0,,283,W 3RD ST,,823,40.761183,-82.531756
7,"36 N BENTON ST Mansfield, OH",39,36,1,36,,N BENTON ST,,824,40.7614167,-82.5316469
7,"33 N BENTON ST Mansfield, OH",40,33,0,,33,N BENTON ST,,1050,40.7614258,-82.5320908
7,"254 PARK AVE W Mansfield, OH",41,254,1,254,,PARK AVE W,,1051,40.761421,-82.53229
7,"234 PARK AVE W Mansfield, OH",42,234,1,234,,PARK AVE W,,1055,40.7614084,-82.5324289
7,"234 PARK AVE W Mansfield, OH",43,234,1,234,,PARK AVE W,,1041,40.761291,-82.531238
7,"308 PARK AVE W Mansfield, OH",44,308,1,308,,PARK AVE W,,1028,40.7613162,-82.5303999
7,"326 PARK AVE W Mansfield, OH",45,326,1,326,,PARK AVE W,,1026,40.7613052,-82.5302308
7,"334 PARK AVE W Mansfield, OH",46,334,1,334,,PARK AVE W,,1024,40.761297,-82.530104
7,"340 PARK AVE W Mansfield, OH",47,340,1,340,,PARK AVE W,,1024,40.761297,-82.530104
7,"344 PARK AVE W Mansfield, OH",48,344,1,344,,PARK AVE W,,1021,40.761286,-82.5299349
7,"350 PARK AVE W Mansfield, OH",49,350,1,350,,PARK AVE W,,1015,40.7612696,-82.5296813
7,"22 SYCAMORE ST Mansfield, OH",50,22,1,22,,SYCAMORE ST,,1010,40.761298,-82.5295122
7,"34 SYCAMORE ST Mansfield, OH",51,34,1,34,,SYCAMORE ST,,1007,40.7612687,-82.5293642
7,"38 SYCAMORE ST Mansfield, OH",52,38,1,38,,SYCAMORE ST,,1007,40.7612687,-82.5293642
7,"357 W 3RD ST Mansfield, OH",53,357,0,,357,W 3RD ST,,1004,40.7612788,-82.5292162
7,"357 W 3RD ST Mansfield, OH",54,357,0,,357,W 3RD ST,,1001,40.7612678,-82.5290472
7,"357 W 3RD ST Mansfield, OH",55,357,0,,357,W 3RD ST,,1005,40.7604856,-82.5289732
7,"357 W 3RD ST Mansfield, OH",56,357,0,,357,W 3RD ST,,1009,40.7605025,-82.5293853
7,"325 W 3RD ST Mansfield, OH",57,325,0,,325,W 3RD ST,,1008,40.7604888,-82.529174
7,"323 W 3RD ST Mansfield, OH",58,323,0,,323,W 3RD ST,,1016,40.7605409,-82.5299772
7,"315 W 3RD ST Mansfield, OH",59,315,0,,315,W 3RD ST,,1020,40.7605528,-82.5304633
7,"311 W 3RD ST Mansfield, OH",60,311,0,,311,W 3RD ST,,1018,40.7608301,-82.5301885
7,"311 W 3RD ST Mansfield, OH",61,311,0,,311,W 3RD ST,,1022,40.760582,-82.5306112
7,"318 W 3RD ST Mansfield, OH",62,318,1,318,,W 3RD ST,,811,40.7606021,-82.5312242
7,"320 W 3RD ST Mansfield, OH",63,320,1,320,,W 3RD ST,,817,40.7608538,-82.5311608
7,"332 W 3RD ST Mansfield, OH",64,332,1,332,,W 3RD ST,,955,40.7603564,-82.5259189
7,"336 W 3RD ST Mansfield, OH",65,336,1,336,,W 3RD ST,,950,40.7603875,-82.525792
7,"336 W 3RD ST Mansfield, OH",66,336,1,336,,W 3RD ST,,945,40.7604104,-82.5255384
7,"338 W 3RD ST Mansfield, OH",67,338,1,338,,W 3RD ST,,945,40.7604104,-82.5255384
7,"348 W 3RD ST Mansfield, OH",68,348,1,348,,W 3RD ST,,940,40.7603995,-82.5253693
7,"72 SYCAMORE ST Mansfield, OH",69,72,1,72,,SYCAMORE ST,,940,40.7603995,-82.5253693
7,"74 SYCAMORE ST Mansfield, OH",70,74,1,74,,SYCAMORE ST,,938,40.7604619,-82.525183
7,"371 SHERMAN PL Mansfield, OH",71,371,0,,371,SHERMAN PL,,935,40.760454,-82.524923
7,"79 SYCAMORE ST Mansfield, OH",72,79,0,,79,SYCAMORE ST,,935,40.760454,-82.524923
7,"73 SYCAMORE ST Mansfield, OH",73,73,0,,73,SYCAMORE ST,,935,40.760454,-82.524923
7,"371 W 3RD ST Mansfield, OH",74,371,0,,371,W 3RD ST,,925,40.7603528,-82.5246506
8,176 N BENTON ST  Mansfield OH,1,176,1,176,,N BENTON ST,,914,40.7603648,-82.5242278
8,180 N BENTON ST  Mansfield OH,2,180,1,180,,N BENTON ST,,907,40.7603062,-82.5239319
8,184 N BENTON ST  Mansfield OH,3,184,1,184,,N BENTON ST,,902,40.7601207,-82.5238225
8,192 N BENTON ST  Mansfield OH,4,192,1,192,,N BENTON ST,,902,40.7601207,-82.5238225
8,196 N BENTON ST  Mansfield OH,5,196,1,196,,N BENTON ST,,902,40.7601207,-82.5238225
8,196 N BENTON ST Mansfield OH,6,196,1,196,,N BENTON ST,,898,40.7604169,-82.523743
8,277 SHERIDAN AVE  Mansfield OH,7,277,0,,277,SHERIDAN AVE,,898,40.7604169,-82.523743
8,257 SHERIDAN AVE  Mansfield OH,8,257,0,,257,SHERIDAN AVE,,898,40.7604169,-82.523743
8,251 SHERIDAN AVE  Mansfield OH,9,251,0,,251,SHERIDAN AVE,,898,40.7604169,-82.523743
8,245 SHERIDAN AVE  Mansfield OH,10,245,0,,245,SHERIDAN AVE,,898,40.7604169,-82.523743
8,241 SHERIDAN AVE  Mansfield OH,11,241,0,,241,SHERIDAN AVE,,894,40.760352,-82.5234246
8,239 SHERIDAN AVE  Mansfield OH,12,239,0,,239,SHERIDAN AVE,,894,40.760352,-82.5234246
8,229 SHERIDAN AVE  Mansfield OH,13,229,0,,229,SHERIDAN AVE,,894,40.760352,-82.5234246
8,242 SHERIDAN AVE  Mansfield OH,14,242,1,242,,SHERIDAN AVE,,810,40.7604957,-82.5232132
8,246 SHERIDAN AVE  Mansfield OH,15,246,1,246,,SHERIDAN AVE,,812,40.7606138,-82.5232132
8,250 SHERIDAN AVE  Mansfield OH,16,250,1,250,,SHERIDAN AVE,,892,40.7605882,-82.5234246
8,254 SHERIDAN AVE  Mansfield OH,17,254,1,254,,SHERIDAN AVE,,895,40.7607905,-82.5235091
8,268 SHERIDAN AVE  Mansfield OH,18,268,1,268,,SHERIDAN AVE,,896,40.7607767,-82.5235769
8,276 SHERIDAN AVE  Mansfield OH,19,276,1,276,,SHERIDAN AVE,,923,40.760576,-82.524444
8,282 SHERIDAN AVE  Mansfield OH,20,282,1,282,,SHERIDAN AVE,,943,40.7608993,-82.5253132
8,288 SHERIDAN AVE  Mansfield OH,21,288,1,288,,SHERIDAN AVE,,944,40.7606466,-82.5255384
8,318 SHERIDAN AVE  Mansfield OH,22,318,1,318,,SHERIDAN AVE,,948,40.7606543,-82.5256221
8,321 SHERIDAN AVE  Mansfield OH,23,321,0,,321,SHERIDAN AVE,,952,40.7608795,-82.5257856
8,315 SHERIDAN AVE  Mansfield OH,24,315,0,,315,SHERIDAN AVE,,818,40.7608287,-82.5259189
8,199 N BENTON ST  Mansfield OH,25,199,0,,199,N BENTON ST,,820,40.7609468,-82.5259189
8,195 N BENTON ST  Mansfield OH,26,195,0,,195,N BENTON ST,,822,40.7610026,-82.5261725
8,191 N BENTON ST  Mansfield OH,27,191,0,,191,N BENTON ST,,954,40.7599573,-82.5258343
8,187 N BENTON ST  Mansfield OH,28,187,0,,187,N BENTON ST,,800,40.759771,-82.5258449
8,183 N BENTON ST  Mansfield OH,29,183,0,,183,N BENTON ST,,798,40.7596671,-82.5262148
8,173 N BENTON ST  Mansfield OH,30,173,0,,173,N BENTON ST,,930,40.7592295,-82.5248568
8,304 W 5TH ST  Mansfield OH,31,304,1,304,,W 5TH ST,,911,40.7592022,-82.5242067
8,326 W 5TH ST  Mansfield OH,32,326,1,326,,W 5TH ST,,911,40.7592022,-82.5242067
8,344 W 5TH ST  Mansfield OH,33,344,1,344,,W 5TH ST,,962,40.7591883,-82.5267221
8,348 W 5TH ST  Mansfield OH,34,348,1,348,,W 5TH ST,,976,40.75918,-82.5275042
8,356 W 5TH ST Mansfield OH,35,356,1,356,,W 5TH ST,,981,40.759191,-82.5276733
8,358 W 5TH ST  Mansfield OH,36,358,1,358,,W 5TH ST,,984,40.7591497,-82.527948
8,178 SYCAMORE ST  Mansfield OH,37,178,1,178,,SYCAMORE ST,,986,40.759264,-82.528122
8,186 SYCAMORE ST  Mansfield OH,38,186,1,186,,SYCAMORE ST,,991,40.7591351,-82.5283285
8,190 SYCAMORE ST  Mansfield OH,39,190,1,190,,SYCAMORE ST,,795,40.7594142,-82.5286878
8,198 SYCAMORE ST  Mansfield OH,40,198,1,198,,SYCAMORE ST,,799,40.7597868,-82.5286667
8,200 SYCAMORE ST  Mansfield OH,41,200,1,200,,SYCAMORE ST,,803,40.7598699,-82.5285502
8,204 SYCAMORE ST Mansfield OH,42,204,1,204,,SYCAMORE ST,,994,40.7600202,-82.5286244
8,210 SYCAMORE ST  Mansfield OH,43,210,1,210,,SYCAMORE ST,,994,40.7600202,-82.5286244
8,369 W 6TH ST  Mansfield OH,44,369,0,,369,W 6TH ST,,994,40.7600202,-82.5286244
8,347 W 6TH ST  Mansfield OH,45,347,0,,347,W 6TH ST,,994,40.7600202,-82.5286244
8,343 W 6TH ST  Mansfield OH,46,343,0,,343,W 6TH ST,,974,40.7599855,-82.527483
8,329 W 6TH ST  Mansfield OH,47,329,0,,329,W 6TH ST,,973,40.759893,-82.527293
8,327  W 6TH ST  Mansfield OH,48,327,0,,327,W 6TH ST,,965,40.7599526,-82.5269757
8,319 W 6TH ST  Mansfield OH,49,319,0,,319,W 6TH ST,,963,40.7599522,-82.5268172
8,319 W 6TH ST Mansfield OH,50,319,0,,319,W 6TH ST,,963,40.7599522,-82.5268172
8,319  W 6TH ST  Mansfield OH,51,319,0,,319,W 6TH ST,,967,40.7604359,-82.5271448
8,303 W 6TH ST Mansfield OH,52,303,0,,303,W 6TH ST,,970,40.760484,-82.5272115
8,303 W 6TH ST Mansfield OH,53,303,0,,303,W 6TH ST,,980,40.760551,-82.527546
8,303 W 6TH ST Mansfield OH,54,303,0,,303,W 6TH ST,,982,40.7604743,-82.5277367
8,281 W 6TH ST  Mansfield OH,55,281,0,,281,W 6TH ST,,982,40.7604743,-82.5277367
8,273 W 6TH ST  Mansfield OH,56,273,0,,273,W 6TH ST,,983,40.7605035,-82.52783
8,251 W 6TH ST  Mansfield OH,57,251,0,,251,W 6TH ST,,990,40.7604834,-82.5281805
8,245 W 6TH ST  Mansfield OH,58,245,0,,245,W 6TH ST,,814,40.7606894,-82.5286244
8,241 W 6TH ST  Mansfield OH,59,241,0,,241,W 6TH ST,,816,40.7608074,-82.5286244
8,235 W 6TH ST  Mansfield OH,60,235,0,,235,W 6TH ST,,998,40.7612596,-82.5289203
8,233 W 6TH ST  Mansfield OH,61,233,0,,233,W 6TH ST,,819,40.7609475,-82.5289626
8,227 BOWMAN ST  Mansfield OH,62,227,0,,227,BOWMAN ST,,815,40.7607928,-82.5290049
8,223 BOWMAN ST  Mansfield OH,63,223,0,,223,BOWMAN ST,,999,40.7600659,-82.529026
8,215 BOWMAN ST  Mansfield OH,64,215,0,,215,BOWMAN ST,,278,40.7636681,-82.5260034
9,331 W 4TH ST APT 3 Mansfield OH,1,331,0,,331,WASHINGTON AVE,,280,40.7637847,-82.5259667
9,331 W 4TH ST APT 1 Mansfield OH,2,331,0,,331,HERMAN AVE,,283,40.7639043,-82.5260034
9,325 W 4TH ST Mansfield OH,3,325,0,,325,,,294,40.7640617,-82.5260034
9,313 W 4TH ST Mansfield OH,4,313,0,,313,,,301,40.7641771,-82.5259611
9,313 W 4TH ST APT 1 Mansfield OH,5,313,0,,313,,,1399,40.7641771,-82.5259611
9,301 W 4TH ST Mansfield OH,6,301,0,,301,,,459,40.764167,-82.5252002
9,300 W 4TH ST Mansfield OH,7,300,1,300,,,,429,40.7642101,-82.5246506
9,310 W 4TH ST Mansfield OH,8,310,1,310,,,,413,40.7641909,-82.5243547
9,324 W 4TH ST Mansfield OH,9,324,1,324,,,,399,40.764222,-82.5242278
9,326 W 4TH ST Mansfield OH,10,326,1,326,,,,380,40.764211,-82.5240587
9,116 WASHINGTON AVE Mansfield OH,11,116,1,116,,,,378,40.7642028,-82.5239319
9,122 WASHINGTON AVE Mansfield OH,12,122,1,122,,,,346,40.7642198,-82.5235841
9,125 N BENTON ST Mansfield OH,13,125,0,,125,,,384,40.764649,-82.524171
9,125 N BENTON ST Mansfield OH,14,125,0,,125,,,403,40.7645003,-82.5242701
9,133 N BENTON ST Mansfield OH,15,133,0,,133,,,411,40.7645085,-82.5243969
9,147 N BENTON ST Mansfield OH,16,147,0,,147,,,421,40.764514,-82.5244815
9,302 HERMAN AVE Mansfield OH,17,302,1,302,,,,440,40.7645313,-82.5250522
9,316 HERMAN AVE Mansfield OH,18,316,1,316,,,,457,40.7644901,-82.525327
9,130 WASHINGTON AVE Mansfield OH,19,130,1,130,,,,464,40.7645011,-82.5254961
9,375 W 5TH ST Mansfield OH,20,375,0,,375,,,472,40.7645148,-82.5257075
9,381 W 5TH ST Mansfield OH,21,381,0,,381,,,494,40.7645102,-82.5268489
9,388 W 4TH ST Mansfield OH,22,388,1,388,,,,502,40.7641009,-82.52688
9,384 W 4TH ST Mansfield OH,23,384,1,384,,,,490,40.7641871,-82.5267221
9,380 W 4TH ST Mansfield OH,24,380,1,380,,,,305,40.7642805,-82.5263416
9,376 W 4TH ST Mansfield OH,25,376,1,376,,,,297,40.7642,-82.526385
9,364 W 4TH ST Mansfield OH,26,364,1,364,,,,293,40.7640864,-82.5263839
9,362 W 4TH ST Mansfield OH,27,362,1,362,,,,287,40.7640049,-82.5263416
9,356 W 4TH ST Mansfield OH,28,356,1,356,,,,282,40.7638869,-82.5263416
9,352 W 4TH ST Mansfield OH,29,352,1,352,,,,277,40.7635628,-82.5263522
9,346 W 4TH ST Mansfield OH,30,346,1,346,,,,481,40.7634648,-82.5264108
9,346 W 4TH ST APT D Mansfield OH,31,346,1,346,,,,512,40.7634301,-82.5271871
9,340 W 4TH ST Mansfield OH,32,340,1,340,,,,527,40.7633897,-82.5277789
9,109 WASHINGTON AVE Mansfield OH,33,109,0,,109,,,534,40.7634007,-82.527948
9,115 WASHINGTON AVE Mansfield OH,34,115,0,,115,,,1400,40.7633833,-82.5282862
9,352 SCOTT LN Mansfield OH,35,352,1,352,,,,548,40.7633942,-82.5284553
9,129 WASHINGTON AVE Mansfield OH,36,129,0,,129,,,279,40.7635436,-82.5285916
9,135 WASHINGTON AVE Mansfield OH,37,135,0,,135,,,284,40.7639077,-82.528635
9,135 WASHINGTON AVE APT B Mansfield OH,38,135,0,,135,,,290,40.7639929,-82.5285821
9,149 WASHINGTON AVE Mansfield OH,39,149,0,,149,,,304,40.764153,-82.5286244
9,157 WASHINGTON AVE Mansfield OH,40,157,0,,157,,,307,40.7642684,-82.5285821
9,323 W 5TH ST Mansfield OH,41,323,0,,323,,,1401,40.7644258,-82.5285821
9,323 W 5TH ST Mansfield OH,42,323,0,,323,,,310,40.7645439,-82.5285821
9,152 SYCAMORE ST Mansfield OH,43,152,1,152,,,,551,40.76505,-82.5284976
9,146 SYCAMORE ST Mansfield OH,44,146,1,146,,,,529,40.7650455,-82.5278212
9,140 SYCAMORE ST Mansfield OH,45,140,1,140,,,,524,40.7643569,-82.527788
9,138 SYCAMORE ST Mansfield OH,46,138,1,138,,,,515,40.764989,-82.5271145
9,137 SYCAMORE ST Mansfield OH,47,137,0,,137,,,514,40.7650721,-82.527018
9,122 SYCAMORE ST Mansfield OH,48,122,1,122,,,,496,40.7650584,-82.5268066
10,110 WILLOW ST Mansfield OH,1,110,1,110,,WILLOW ST,,1402,40.7650584,-82.5268066
10,110 WILLOW ST Mansfield OH,2,110,1,110,,WILLOW ST,,498,40.7650584,-82.5268066
10,110 WILLOW ST Mansfield OH,3,110,1,110,,WILLOW ST,,1403,40.7650649,-82.5262993
10,110 WILLOW ST Mansfield OH,4,110,1,110,,WILLOW ST,,1403,40.7650649,-82.5262993
10,113 WILLOW ST Mansfield OH,5,113,0,,113,WILLOW ST,,1403,40.7650649,-82.5262993
10,117 WILLOW ST Mansfield OH,6,117,0,,117,WILLOW ST,,462,40.7651098,-82.525475
10,118 WILLOW ST Mansfield OH,7,118,1,118,,WILLOW ST,,448,40.765151,-82.5252002
10,125 WILLOW ST Mansfield OH,8,125,0,,125,WILLOW ST,,415,40.7651547,-82.5246506
10,126 N BENTON ST Mansfield OH,9,126,1,126,,N BENTON ST,,400,40.765059,-82.524309
10,126 N BENTON ST Mansfield OH,10,126,1,126,,N BENTON ST,,379,40.7651639,-82.5241856
10,132 N BENTON ST Mansfield OH,11,132,1,132,,N BENTON ST,,372,40.765049,-82.523809
10,135 WILLOW ST Mansfield OH,12,135,0,,135,WILLOW ST,,365,40.7651808,-82.5236888
10,148 WILLOW ST Mansfield OH,13,148,1,148,,WILLOW ST,,337,40.7649461,-82.5232555
10,149 WILLOW ST Mansfield OH,14,149,0,,149,WILLOW ST,,322,40.7648646,-82.5232132
10,183 BOWMAN ST Mansfield OH,15,183,0,,183,BOWMAN ST,,312,40.7645919,-82.5232555
10,191 BOWMAN ST Mansfield OH,16,191,0,,191,BOWMAN ST,,55,40.7611481,-82.5275042
10,195 BOWMAN ST Mansfield OH,17,195,0,,195,BOWMAN ST,,1404,40.7611554,-82.5273139
10,224 CLAIRMONT AVE Mansfield OH,18,224,1,224,,CLAIRMONT AVE,,1405,40.7611252,-82.5268489
10,225 W 4TH ST Mansfield OH,19,225,0,,225,W 4TH ST,,44,40.7611252,-82.5268489
10,225 W 4TH ST Mansfield OH,20,225,0,,225,W 4TH ST,,1406,40.7611372,-82.5264262
10,225 W 4TH ST Mansfield OH,21,225,0,,225,W 4TH ST,,1407,40.7616424,-82.5263734
10,225 W 5TH ST Mansfield OH,22,225,0,,225,W 5TH ST,,1408,40.7616287,-82.5267221
10,226 CLAIRMONT AVE Mansfield OH,23,226,1,226,,CLAIRMONT AVE,,1409,40.7616039,-82.5272505
10,228 CLAIRMONT AVE Mansfield OH,24,228,1,228,,CLAIRMONT AVE,,1410,40.7616775,-82.527316
10,228 CLAIRMONT AVE Mansfield OH,25,228,1,228,,CLAIRMONT AVE,,1411,40.7619371,-82.5272294
10,229 CLAIRMONT AVE Mansfield OH,26,229,0,,229,CLAIRMONT AVE,,1412,40.7620891,-82.5271448
10,231 W 5TH ST Mansfield OH,27,231,0,,231,W 5TH ST,,1413,40.7620947,-82.5263205
10,231 W 5TH ST Mansfield OH,28,231,0,,231,W 5TH ST,,1413,40.7620947,-82.5263205
10,232 W 5TH ST Mansfield OH,29,232,1,232,,W 5TH ST,,1414,40.7623857,-82.5262571
10,232 W 5TH ST Mansfield OH,30,232,1,232,,W 5TH ST,,1415,40.7628159,-82.5262148
10,232 W 5TH ST Mansfield OH,31,232,1,232,,W 5TH ST,,1416,40.7627088,-82.5263839
10,232 W 5TH ST Mansfield OH,32,232,1,232,,W 5TH ST,,1417,40.7626969,-82.5268066
10,232 W 5TH ST Mansfield OH,33,232,1,232,,W 5TH ST,,1418,40.7624067,-82.5271871
10,236 CLAIRMONT AVE Mansfield OH,34,236,1,236,,CLAIRMONT AVE,,1419,40.7629887,-82.5288781
10,239 W 4TH ST Mansfield OH,35,239,0,,239,W 4TH ST,,1420,40.7629685,-82.529174
10,244 W 5TH ST Mansfield OH,36,244,1,244,,W 5TH ST,,1421,40.7619168,-82.5293431
10,244 W 5TH ST Mansfield OH,37,244,1,244,,W 5TH ST,,1422,40.7619305,-82.529276
10,244 W 5TH ST Mansfield OH,38,244,1,244,,W 5TH ST,,1423,40.7622234,-82.5292162
10,245 W 4TH ST Mansfield OH,39,245,0,,245,W 4TH ST,,1424,40.7618189,-82.5290472
10,249 CLAIRMONT AVE Mansfield OH,40,249,0,,249,CLAIRMONT AVE,,1425,40.7616177,-82.5286719
10,253 CLAIRMONT AVE Mansfield OH,41,253,0,,253,CLAIRMONT AVE,,1426,40.761695,-82.5285992
10,253 CLAIRMONT AVE Mansfield OH,42,253,0,,253,CLAIRMONT AVE,,1427,40.7616752,-82.5283496
10,256 CLAIRMONT AVE Mansfield OH,43,256,1,256,,CLAIRMONT AVE,,1428,40.7616826,-82.5281594
10,257 CLAIRMONT AVE Mansfield OH,44,257,0,,257,CLAIRMONT AVE,,1429,40.7617897,-82.5279903
10,259 W 5TH ST Mansfield OH,45,259,0,,259,W 5TH ST,,60,40.7617897,-82.5279903
10,263 W 4TH ST Mansfield OH,46,263,0,,263,W 4TH ST,,1430,40.7616213,-82.5278212
10,263 W 4TH ST Mansfield OH,47,263,0,,263,W 4TH ST,,1431,40.7618128,-82.5276657
10,264 W 5TH ST Mansfield OH,48,264,1,264,,W 5TH ST,,1432,40.7619462,-82.5276733
10,265 W 4TH ST Mansfield OH,49,265,0,,265,W 4TH ST,,1433,40.7621183,-82.5282017
10,265 W 4TH ST Mansfield OH,50,265,0,,265,W 4TH ST,,1434,40.7623243,-82.5277367
10,271 W 4TH ST Mansfield OH,51,271,0,,271,W 4TH ST,,1435,40.762479,-82.5276944
10,272 W 4TH ST Mansfield OH,52,272,1,272,,W 4TH ST,,238,40.762479,-82.5276944
10,272 W 5TH ST Mansfield OH,53,272,1,272,,W 5TH ST,,1436,40.762836,-82.5277367
10,275 W 4TH ST Mansfield OH,54,275,0,,275,W 4TH ST,,1437,40.7630721,-82.5277367
10,277 W 4TH ST Mansfield OH,55,277,0,,277,W 4TH ST,,1438,40.7629737,-82.5270913
10,278 W 4TH ST Mansfield OH,56,278,1,278,,W 4TH ST,,1439,40.7629695,-82.5285821
10,281 W 4TH ST Mansfield OH,57,281,0,,281,W 4TH ST,,1440,40.7628121,-82.5285821
10,282 W 4TH ST Mansfield OH,58,282,1,282,,W 4TH ST,,1441,40.7626546,-82.5285821
10,282 W 5TH ST Mansfield OH,59,282,1,282,,W 5TH ST,,1442,40.7625787,-82.5286375
10,283 W 4TH ST Mansfield OH,60,283,0,,283,W 4TH ST,,1443,40.7625612,-82.5289626
10,286 W 5TH ST Mansfield OH,61,286,1,286,,W 5TH ST,,1444,40.7621091,-82.5286667
10,288 W 4TH ST Mansfield OH,62,288,1,288,,W 4TH ST,,1438,40.7629737,-82.5270913
10,299 W 5TH ST Mansfield OH,63,299,0,,299,W 5TH ST,,56,40.7611481,-82.5275042
